cluster,count,mean,std,min,25%,50%,75%,max
0,48.0,0.9031341517857143,0.5160815176037823,0.3063333333333334,0.47280000000000005,0.5960857142857143,1.5000000000000002,1.7500000000000002
1,117.0,0.7630190049866801,0.4666140200623108,0.30619999999999997,0.47220000000000006,0.5117454545454546,0.8693333333333333,1.7500000000000002
2,195.0,1.2747888788489246,0.4524333209897239,0.3946666666666667,0.8660833333333333,1.5000000000000002,1.6900000000000002,1.7500000000000002
3,136.0,0.848399696778676,0.3592276166534959,0.37800000000000006,0.5918857142857142,0.7236666666666667,1.0000000000000002,1.6900000000000002
4,107.0,0.9946443959365704,0.454389026383037,0.368,0.6207500000000001,0.8069999999999998,1.5000000000000002,1.7500000000000002
5,160.0,0.7375350182949361,0.36986269565056445,0.3413333333333333,0.5639333333333334,0.6391666666666668,0.7837999999999999,3.4838000000000005
6,37.0,0.9960272518171096,0.49686414530783807,0.44466666666666665,0.5578333333333334,0.838,1.5000000000000002,1.7500000000000002
